url,Tipo de propiedad,Precio,Ubicación,Habitaciones,Baños,Parqueaderos,Área,Descripción
https://www.ciencuadras.com/inmueble/apartamento-en-arriendo-en-villanueva-medellin-3306914,"Apartamento en arriendo, Villanueva",$2.100.000,"La Candelaria, Medellín, Boston ",2,3,No encontrado,108.0,"arriendo apartamento en el parque de bolívar cerca al centro comercial Villanueva a clínica fundadores, a la avenida oriental , centro comercial camino real consta de salon , comedor , dos alcobas , mas alcoba de servicio, cocina semi , zona de ropas , dos balcones , vigilancia las 24 horas . inf a 32206 noventa y cuatro inmobiliarios asociados sas"
https://www.ciencuadras.com/inmueble/apartamento-en-arriendo-en-laureles-medellin-3314461,"Apartamento en arriendo, Laureles",$2.550.000,"Los Conquistadores, La Castellana, Rosales ",2,2,No encontrado,40.0,"2 habitaciones, 3 closets, zona de ropas, agua caliente, 2 balcones, Parqueadero cubierto, para máximo 4 personas"
https://www.ciencuadras.com/inmueble/apartamento-en-arriendo-en-simesa-medellin-3296837,"Apartamento en arriendo, Ciudad del río",$3.400.000,"Castropol, El Poblado, San Diego ",3,2,1,70.0,"472-6925 Conaltura Inmobiliaria ofrece apartamento para arriendo en Ciudad del río, excelente ubicación. Piso 13, 70 m2, consta de 3 alcobas, 2 closet, 1 vestier, 2 baños, sala comedor, balcón, cocina integral,, zona de ropas, parqueadero cubierto sencillo. En conjunto cerrado con ascensores, portería 24h, gimnasio, juegos, piscina de adultos y niños, salón social y parqueadero de visitantes, cerca al Museo de arte Moderno de Medellín, sede principal de Bancolombia, parque lineal de Ciudad del río, centro comercial Premium Plaza y San Diego, rutas de buses del metro hacia la estación Industriales y con fácil acceso a la Av. Las Vegas y la Av. El Poblado."
https://www.ciencuadras.com/inmueble/apartamento-en-arriendo-en-caicedo-medellin-3314487,"Apartamento en arriendo, Caicedo",$1.200.000,"La Veracruz, Las Nieves, Samper ",3,2,No encontrado,30.0,"Apartamento ubicado en un primer piso interno cuenta con 3 habitaciones, 2 baños, cocina integral, red de gas, zona de ropas"
https://www.ciencuadras.com/inmueble/apartamento-en-arriendo-en-el-tesoro-medellin-3307753,"Apartamento en arriendo, El tesoro",$3.800.000,"Alejandria, La Florida, Los Balsos No.1 ",2,2,1,87.0,"arriendo hermoso apartamento junto a plaza Ámsterdam, piso intermedio salon comedor, cocina integral , dos baños, un closet, dos balcones dos alcobas un vestier , inf al 311741SIETE DOS SEIS TRES DIANA HENAO"
https://www.ciencuadras.com/inmueble/apartamento-en-arriendo-en-belen-medellin-3276974,"Apartamento en arriendo, Belen",$1.900.000,"Laureles, La Castellana, Rosales ",2,1,No encontrado,50.0,"Apartamento de dos habitaciones , muy amplias e iluminadas, tiene un amplios closet, baño amplio con agua caliente, amplia cocina con gabinetes superior e inferior en madera, pollo en acero, espacio para nevera, estufa a gas y una amplia barra, también tiene una zona de ropas con lavadero, un amplio gabinete superior y espacio para lavadora. Área aproximada de 50 mt2 Cuenta con servicios independientes de agua, energía y gas. No tiene ascensor, ni parqueo, ni administración"
https://www.ciencuadras.com/inmueble/apartamento-en-arriendo-en-naranjitos-medellin-3263705,"Apartamento en arriendo, El poblado",$3.200.000,"Castropol, El Tesoro, Alejandria ",3,2,1,90.0,"93 metros , salón comedor, 3 alcobas, alcoba con baño, closets, vestier, cocina integral, garaje sencillo $ 3.200.000"
https://www.ciencuadras.com/inmueble/apartamento-en-arriendo-en-castropol-medellin-3312151,"Apartamento en arriendo, Castropol",$4.300.000,"El Tesoro, Alejandria, Simesa ",3,2,1,100.0,Moderno apartamento en arriendo en el prestigioso sector de Castropol El Poblado. Este inmueble de 100 m2 ofrece 3 habitaciones espaciosas y luminosas ideales para tu familia. Disfruta de 2 baños completos y un agradable balcón para tus momentos de descanso. Cuenta con 1 parqueadero privado y un útil cuarto útil. La zona de ropas independiente añade comodidad a tu día a día. El edificio ofrece seguridad 24 horas y completas zonas comunes para tu disfrute incluyendo piscina zona verde juegos infantiles gimnasio y salón social. Su excelente ubicación te brinda fácil acceso a la Avenida Las Palmas la Avenida El Poblado y los centros comerciales Premium Plaza y San Diego. Una oportunidad inigualable para vivir en una de las mejores zonas de Medellín.
https://www.ciencuadras.com/inmueble/apartamento-en-arriendo-en-las-estancias-medellin-3302495,"Apartamento en arriendo, Caicedo",$750.000,"Miraflores, Bombona No.2, Barrios De Jesus ",2,1,No encontrado,30.0,"Cod 2103 apto 301 para rentar, 2 alcobas, sala comedor, cocina integral, red de gas, zona de ropas, baño cabinado, ventanal, Barrio Caicedo Tres Esquinas"
https://www.ciencuadras.com/inmueble/apartamento-en-arriendo-en-la-gloria-medellin-3314264,"Apartamento en arriendo, La gloria",$2.300.000,"Loma De Los Bernal, Belen, San Bernardo ",3,2,No encontrado,90.0,"Se arrienda apartamento de 3 habitaciones , 2 baños , cocina integra, red de gas , calentador , patio , piso en cerámica , PRIMER PISO, barrio belén la Nubia , transporte publico ,supermercados ,colegios cercanos."
https://www.ciencuadras.com/inmueble/apartamento-en-arriendo-en-el-velodromo-medellin-3300725,"Apartamento en arriendo, El velódromo",$3.900.000,"Laureles, Los Conquistadores, La Castellana ",3,2,1,100.0,"Apartamento para arrendar de 100m2 aprox con todas las comodidades, sus 3 amplias alcobas con closet permitirán que toda la familia descanse plácidamente, con 2 baños, cocina integral, la sala comedor te brindan un espacio confortable para compartir en familia. su amplio balcón permitirá que disfrutes de una buena ventilación, cuenta también con zona de lavandería, calentador de agua y ascensor para tu comodidadCercanías: Avenida San Juan, Parroquia Nuestra Señora de Lourdes, Parque Pinocho, Colegio San Ignacio InfantilAsesora comercial Jessica Párraga **********"
https://www.ciencuadras.com/inmueble/apartamento-en-arriendo-en-caicedo-medellin-3292513,"Apartamento en arriendo, Caicedo",$1.700.000,"La Candelaria, San Diego, Boston ",2,2,No encontrado,60.0,"Apartamento amplio 2 habitaciones,2 closets, 2 baños, 1 patio, balcón, cocina integral red de gas cod. 2097"
https://www.ciencuadras.com/inmueble/apartamento-en-arriendo-en-los-balsos-no1-medellin-3297010,"Apartamento en arriendo, Los balsos",$12.500.000,"El Tesoro, Alejandria, La Florida ",3,4,2,180.0,"Hermoso apartamento ubicado en el sector de Los Balsos, a su alrededor podemos encontrar el Complex de Los Balsos, clinica el rosario y gran variedad de transporte publico. Cuenta con piso en madera, sala, comedor, 3 habitaciones cada una con baño y la principal con vestier y balcon, alcoba del servicio mas baño, balcon, cocina integral, zona de ropas, 2 parqueaderos mas un cuarto util. Unidad con vigilancia las 24 horas, citofonia, circuito cerrado de tv, piscina, gimnasio, salon social, sauna, turco, parques infantiles y zonas verdes."
https://www.ciencuadras.com/inmueble/apartamento-en-arriendo-en-sucre-medellin-3174873,"Apartamento en arriendo, Boston",$1.800.000,"La Candelaria, Boston, Villanueva ",3,2,0,60.0,"Descubre este encantador apartamento disponible para alquiler en el histórico barrio de Boston. Con aproximadamente 60 metros cuadrados, este hogar ofrece un espacio cómodo y funcional para ti y tu familia. 3 habitaciones bien distribuidas, ideales para adaptarse a tus necesidades. 3 closet integrados, brindando amplio espacio de almacenamiento para tus pertenencias. 2 baños completos, equipados con todo lo necesario para tu comodidad diaria. Cocina integral moderna y funcional, equipada con electrodomésticos y muebles de calidad. Piso en cerámica, de fácil mantenimiento y limpieza. Zona de ropas independiente, con espacio para lavadora y secadora. Calentador incluido para agua caliente en todo momento. Ubicación privilegiada cerca del Parque de Boston, ofreciendo acceso a áreas verdes y recreativas."
https://www.ciencuadras.com/inmueble/apartamento-en-arriendo-en-el-tesoro-medellin-2838871,"Apartamento en arriendo, Poblado",$11.500.000,"Castropol, Alejandria, La Florida ",3,3,1,120.0,"Apartamento en Arriendo en Medellín Sector El Poblado  Excelente Apartamento de 120 Mtrs2 construidos, distribuidos en 3 habitaciones, 3 baños, closet, balcon, vestier, cocina, sala-comedor, zona de ropas, en unidad cerrada con parqueadero, ascensor,piscina, juegos infantiles, salón social. Excelente ubicación con cómodas rutas de acceso.    --- Codigo: ******* ---  "
https://www.ciencuadras.com/inmueble/apartamento-en-arriendo-en-el-tesoro-medellin-3157463,"Apartamento en arriendo, El tesoro",$11.500.000,"Alejandria, La Florida, Altos Del Poblado ",3,4,3,228.0,"Apartamento en arriendo en unidad cerrada sector exclusivo, de alto perfil, tranquilo, de poco flujo vehicular y tránsito de solo residentes. Piso en madera, puerta de seguridad, sala y comedor independiente, chimenea, estar de tv, 3 alcobas con baño en cada una, cocina integral abierta tipo americano, tina, alcoba y baño de servicio, balcon, terraza y parqueaderos lineales cubierto . Unidad con piscina, gym, salon social, sauna, cancha de squash, zonas verdes, vigilancia 24 horas, citofonia, circuito cerrado de tv. *Inmuebles sujetos a verificación de disponibilidad.*"
https://www.ciencuadras.com/inmueble/apartamento-en-arriendo-en-la-florida-medellin-3108088,"Apartamento en arriendo, El poblado",$12.000.000,"El Tesoro, Castropol, Alejandria ",3,4,2,300.0,"¡Ven a vivir en el increíble Apartamento para alquiler ubicado en Medellín, Antioquia! Con una ubicación privilegiada en una de las ciudades más vibrantes y pujantes de Colombia, este apartamento es perfecto para aquellos que buscan comodidad, estilo y un estilo de vida urbano y moderno. Con un área total de 300m2, este inmueble ofrece un área privada de 300m2 y un área de terreno de 30m2, convirtiéndolo en el lugar ideal para una familia o profesionales que buscan un hogar elegante y lleno de posibilidades. Este apartamento cuenta con 3 habitaciones amplias y luminosas, que ofrecen un espacio cómodo y acogedor para cada miembro de la familia. Además, cuenta con 4 baños, lo que garantiza la privacidad y comodidad de cada uno de sus residentes. Pero eso no es todo, ya que también dispone de 2 garajes que te permitirán guardar tus vehículos de forma segura y sin preocupaciones. Pero lo mejor de todo es que este apartamento admite mascotas, por lo que podrás compartir este hogar con tus adorados amigos peludos. Además, está equipado con armarios empotrados en todas sus habitaciones, lo que te permitirá mantener todo en orden y maximizar el espacio disponible. La cocina integral es uno de los puntos más destacados de este apartamento. Con un diseño moderno y funcional, te permitirá poner en práctica todas tus habilidades culinarias y compartir tus creaciones con tus seres queridos en su amplio balcón con una vista panorámica que te dejará sin aliento. Además, cuenta con calentador, citófono / intercomunicador, clósets y gas domiciliario para tu comodidad. Este inmueble también incluye un depósito para almacenar tus pertenencias de forma segura y un área de lavandería independiente para realizar tus tareas domésticas con tranquilidad. La urbanización cerrada en la que se encuentra este apartamento te brindará la tranquilidad y seguridad que necesitas para vivir de forma serena y sin preocupaciones. Además, tendrás acceso a zonas"
https://www.ciencuadras.com/inmueble/apartamento-en-arriendo-en-los-balsos-no1-medellin-2089113,"Apartamento en arriendo, Los balsos no.1",$12.000.000,"San Lucas, El Tesoro, Loma Del Atravesado ",3,8,4,305.0,"CÓDIGO DEL INMUEBLE 447-10353.APARTAMENTO-POABLADO-ARRIENDO. UBICACIÓN CERCA A ISA . LOMA DE LOS BALSOS, TRANSVERSAL SUPERIOR , VIA LAS PALMAS , CENTRO COMERCIAL SANTA FE , CENTRO COMERCIAL OVIEDO CARULLA .RUTA DE BUSES SAN LUCAS, INTEGRADO DEL METRO. APARTAMENTO 305 METROS, 3 ALCOBAS, 3 BAÑOS CADA ALCOBA CON SU BAÑO, 3 VESTIR, ALCOBA DEL SERVICIO CON BAÑO, COCINA INTEGRAL, RED DE GAS, ZONA DE ROPAS, SALA COMEDOR, ESTUDIO, BIBLIOTECA, 3 PARQUEADEROS Y CUARTO ÚTIL . UNIDAD CERRADA, PORTERÍA 24 HORAS, ASCENSOR, PISCINA, JACUZZI, SAUNA, TURCO, GIMNASIO, SALÓN SOCIAL, ZONAS VERDES. CONTACTO EDUARS CORTES CELULAR **********"
https://www.ciencuadras.com/inmueble/apartamento-en-arriendo-en-simesa-medellin-3270054,"Apartamento en arriendo, Ciudad del rio",$5.100.000,"Castropol, El Poblado, San Diego ",3,3,2,105.0,"Te presentamos este maravilloso apartamento disenado para brindarte el maximo confort y funcionalidad, con amplios espacios ideales para tu familia. Es el lugar perfecto donde podras disfrutar de momentos especiales y crear recuerdos inolvidables con tus seres queridos. Ademas, se encuentra ubicado cerca de un sector comercial, lo que te permitira acceder facilmente a todo lo que necesites, desde productos esenciales hasta opciones de entretenimiento. Sabemos que cada detalle es importante para ti, por eso nuestra prioridad es ofrecerte un servicio personalizado. No dudes en contactarnos; estaremos encantados de asesorarte y ayudarte a tomar la mejor decision para tu hogar."
https://www.ciencuadras.com/inmueble/apartamento-en-arriendo-en-castropol-medellin-3290119,"Apartamento en arriendo, Poblado",$4.400.000,"El Tesoro, Alejandria, Simesa ",3,2,2,150.0,"Apartamento en Arriendo Medellin Sector Poblado Excelente Apartamento de 150 Mtrs 2 distribuidos en 3 habitaciónes, 2 baños, alcoba de servicio, cocina, balcón, closet, vestier, zona de ropas, parqueadero doble, cuarto util. En unidad cerrada con gimnasio, juegos infantiles, cancha multiple, salón social, sendero ecologico. Excelente ubicación con cómodas rutas de acceso.    --- Codigo: ******* ---  "
